{
  "src": [
    "././dist/soundFiles/SlotTemplateAudioSprite_SL.m4a"
  ],
  "sprite": {
    "AnticipationB01End": [
      0,
      1558.2539682539682
    ],
    "AnticipationF01": [
      3000,
      1428.412698412698
    ],
    "AnticipationF01End": [
      6000,
      1558.2766439909292
    ],
    "BaseGameSpinStart": [
      9000,
      1055.2834467120178
    ],
    "BaseGameStart": [
      12000,
      818.6394557823124
    ],
    "BaseMusicLoop": [
      14000,
      101538.45804988661
    ],
    "BaseToBonusStart": [
      117000,
      993.8775510204039
    ],
    "BigWinEnd": [
      119000,
      4218.730158730154
    ],
    "BigWinStart": [
      125000,
      15000
    ],
    "BigWinTier1": [
      141000,
      1116.5532879818727
    ],
    "BigWinTier2": [
      144000,
      1099.9999999999943
    ],
    "BigWinTier3": [
      147000,
      1046.167800453503
    ],
    "BigWinTier4": [
      150000,
      1099.9999999999943
    ],
    "BigWinTier5": [
      153000,
      1099.9999999999943
    ],
    "BonusGameSpinEnd": [
      156000,
      1233.5827664399233
    ],
    "BonusGameSpinStart": [
      159000,
      1233.5827664399233
    ],
    "BonusMusicLoop": [
      162000,
      37500
    ],
    "BonusMusicLoopEnd": [
      201000,
      13125.895691609969
    ],
    "BonusRetriggerStart": [
      216000,
      1061.6099773242524
    ],
    "BonusRollup2End": [
      219000,
      1165.7596371882164
    ],
    "BonusRollup2Start": [
      222000,
      1263.0158730158598
    ],
    "BonusSymbolWin": [
      225000,
      973.2653061224426
    ],
    "BonusSymbolWinS01": [
      227000,
      1472.1315192743702
    ],
    "BonusSymbolWinS02": [
      230000,
      1525.419501133797
    ],
    "BonusSymbolWinS03": [
      233000,
      1700.6349206349114
    ],
    "BonusSymbolWinS04": [
      236000,
      1566.2131519274283
    ],
    "BonusSymbolWinS05": [
      239000,
      1615.147392290254
    ],
    "BonusSymbolWinS06": [
      242000,
      1609.115646258516
    ],
    "BonusSymbolWinS07": [
      245000,
      1601.3605442176981
    ],
    "BonusSymbolWinS08": [
      248000,
      1471.609977324249
    ],
    "BonusSymbolWinS09": [
      251000,
      1527.1655328798204
    ],
    "BonusSymbolWinS10": [
      254000,
      1195.9863945578206
    ],
    "BonusSymbolWinS11": [
      257000,
      1308.0272108843474
    ],
    "BonusSymbolWinW01": [
      260000,
      1791.587301587299
    ],
    "BonusToBaseStart": [
      263000,
      1015.2607709750328
    ],
    "GameInit": [
      266000,
      469.95464852608393
    ],
    "InactivityStart": [
      268000,
      983.1746031745752
    ],
    "IntroStart": [
      270000,
      680.2040816326667
    ],
    "Payline": [
      272000,
      586.485260770985
    ],
    "PickerMusicLoop": [
      274000,
      11020.612244897962
    ],
    "PickerSelect": [
      287000,
      599.9546485260794
    ],
    "PickerStart": [
      289000,
      690.2040816326576
    ],
    "Preshow1": [
      291000,
      179.95464852606347
    ],
    "Preshow2": [
      293000,
      185.87301587302818
    ],
    "Preshow3": [
      295000,
      162.69841269843255
    ],
    "Preshow4": [
      297000,
      185.9410430839148
    ],
    "Preshow5": [
      299000,
      186.09977324263127
    ],
    "ReelLand": [
      301000,
      186.3038548752911
    ],
    "Rollup": [
      303000,
      2755.1020408163254
    ],
    "Rollup2End": [
      307000,
      907.1201814059009
    ],
    "Rollup2Start": [
      309000,
      1001.6326530612218
    ],
    "RollupEnd": [
      312000,
      2755.1020408163254
    ],
    "RollupLow": [
      316000,
      597.4376417233316
    ],
    "SymbolB01Anticipation": [
      318000,
      1440.7709750566937
    ],
    "SymbolB01AnticipationEnd": [
      321000,
      1207.2335600906854
    ],
    "SymbolB01Land1": [
      324000,
      2823.51473922904
    ],
    "SymbolB01Land2": [
      328000,
      2766.1224489796155
    ],
    "SymbolB01Land3": [
      332000,
      4869.773242630401
    ],
    "SymbolWildWin01Transform": [
      338000,
      2036.2585034013705
    ],
    "SymbolWinB01": [
      342000,
      1255.283446712042
    ],
    "SymbolWinF01": [
      345000,
      1218.1632653061456
    ],
    "SymbolWinS01": [
      348000,
      1242.9024943310765
    ],
    "SymbolWinS02": [
      351000,
      1201.2244897958908
    ],
    "SymbolWinS03": [
      354000,
      1204.9433106575975
    ],
    "SymbolWinS04": [
      357000,
      1196.8707482993182
    ],
    "SymbolWinS05": [
      360000,
      1254.8752834467223
    ],
    "SymbolWinS06": [
      363000,
      1224.3310657596567
    ],
    "SymbolWinS07": [
      366000,
      1258.798185941032
    ],
    "SymbolWinS08": [
      369000,
      1150.1360544217505
    ],
    "SymbolWinS09": [
      372000,
      1339.1383219954491
    ],
    "SymbolWinS10": [
      375000,
      1057.3922902494246
    ],
    "SymbolWinS11": [
      378000,
      1032.698412698437
    ],
    "SymbolWinW01": [
      381000,
      1496.4399092970666
    ],
    "UiBetDown": [
      384000,
      524.648526077101
    ],
    "UiBetMax": [
      386000,
      2877.641723356021
    ],
    "UiBetUp": [
      390000,
      482.2675736961628
    ],
    "UiClick": [
      392000,
      350.00000000002274
    ],
    "UiClickSmall": [
      394000,
      186.32653061223436
    ],
    "UiClose": [
      396000,
      649.9999999999773
    ],
    "UiLeft": [
      398000,
      1109.6145124716372
    ],
    "UiOff": [
      401000,
      734.3990929705342
    ],
    "UiOn": [
      403000,
      718.2312925170322
    ],
    "UiOpen": [
      405000,
      484.19501133787435
    ],
    "UiRight": [
      407000,
      1001.7233560090517
    ],
    "UiSelect": [
      410000,
      474.7619047619196
    ],
    "UiSkip": [
      412000,
      504.9886621314954
    ],
    "UiSpin": [
      414000,
      468.34467120180534
    ],
    "UiSpinSlam": [
      416000,
      1026.4625850340394
    ],
    "UiStart": [
      419000,
      656.4852607709781
    ],
    "UiStop": [
      421000,
      516.3038548752752
    ],
    "UiTutorialClose": [
      423000,
      732.3582766439927
    ]
  }
}