{
  "src": [
    "./soundFiles/audioSprite/SlotTemplateAudioSprite_SL.ogg",
    "./soundFiles/audioSprite/SlotTemplateAudioSprite_SL.m4a",
    "./soundFiles/audioSprite/SlotTemplateAudioSprite_SL.aac",
    "./soundFiles/audioSprite/SlotTemplateAudioSprite_SL.wav"
  ],
  "sprite": {
    "BaseMusicLoop": [
      0,
      94627.89115646259
    ],
    "BigWinLoop": [
      96000,
      17742.721088435374
    ],
    "BigWinLoopEnd": [
      115000,
      2218.3446712018194
    ],
    "BonusMusicLoop": [
      119000,
      57856.9387755102
    ],
    "BonusMusicLoopEnd": [
      178000,
      12685.260770975048
    ],
    "BonusSymbolWin": [
      192000,
      3000
    ],
    "PickerMusicLoop": [
      196000,
      11020.612244897962
    ],
    "PickerSelect": [
      209000,
      2755.1020408163254
    ],
    "Preshow1": [
      213000,
      179.95464852606347
    ],
    "Preshow2": [
      215000,
      185.87301587302818
    ],
    "Preshow3": [
      217000,
      162.69841269840413
    ],
    "Preshow4": [
      219000,
      185.94104308388637
    ],
    "Preshow5": [
      221000,
      186.09977324263127
    ],
    "ReelLand": [
      223000,
      186.3038548752911
    ],
    "Rollup": [
      225000,
      2755.1020408163254
    ],
    "RollupEnd": [
      229000,
      2755.1020408163254
    ],
    "RollupLow": [
      233000,
      597.43764172336
    ],
    "SymbolB01Anticipation": [
      235000,
      4461.247165532882
    ],
    "SymbolB01AnticipationEnd": [
      241000,
      1595.238095238102
    ],
    "SymbolB01Land1": [
      244000,
      2823.514739229012
    ],
    "SymbolB01Land2": [
      248000,
      2766.122448979587
    ],
    "SymbolB01Land3": [
      252000,
      4869.773242630401
    ],
    "SymbolWildWin01Transform": [
      258000,
      2585.034013605423
    ],
    "SymbolWinB01": [
      262000,
      1255.283446712042
    ],
    "SymbolWinS01": [
      265000,
      1242.9024943310765
    ],
    "SymbolWinS02": [
      268000,
      1201.2244897958908
    ],
    "SymbolWinS03": [
      271000,
      1204.9433106575975
    ],
    "SymbolWinS04": [
      274000,
      1196.8707482993182
    ],
    "SymbolWinS05": [
      277000,
      1254.8752834467223
    ],
    "SymbolWinS06": [
      280000,
      1224.3310657596567
    ],
    "SymbolWinS07": [
      283000,
      1258.798185941032
    ],
    "SymbolWinS08": [
      286000,
      1150.1360544217505
    ],
    "SymbolWinS09": [
      289000,
      1339.1383219954491
    ],
    "SymbolWinS10": [
      292000,
      1057.3922902494246
    ],
    "SymbolWinS11": [
      295000,
      1032.698412698437
    ],
    "SymbolWinW01": [
      298000,
      4988.412698412674
    ],
    "UiBetDown": [
      304000,
      524.648526077101
    ],
    "UiBetMax": [
      306000,
      2877.641723356021
    ],
    "UiBetUp": [
      310000,
      482.2675736961628
    ],
    "UiClick": [
      312000,
      350.00000000002274
    ],
    "UiClickSmall": [
      314000,
      186.32653061223436
    ],
    "UiClose": [
      316000,
      649.9999999999773
    ],
    "UiOpen": [
      318000,
      484.19501133787435
    ],
    "UiSelect": [
      320000,
      474.7619047619196
    ],
    "UiSkip": [
      322000,
      1038.2539682539687
    ],
    "UiSpin": [
      325000,
      468.34467120180534
    ]
  }
}