{
  "src": [
    "./soundFiles/audioSprite/SlotTemplateAudioSprite_SL.ogg",
    "./soundFiles/audioSprite/SlotTemplateAudioSprite_SL.m4a",
    "./soundFiles/audioSprite/SlotTemplateAudioSprite_SL.aac",
    "./soundFiles/audioSprite/SlotTemplateAudioSprite_SL.wav"
  ],
  "sprite": {
    "BaseMusicLoop": [
      0,
      94627.89115646259
    ],
    "BigWinLoop": [
      96000,
      17742.721088435374
    ],
    "BigWinLoopEnd": [
      115000,
      2218.3446712018194
    ],
    "BonusBallPinHit_SL": [
      119000,
      3077.5056689342364
    ],
    "BonusMusicLoop": [
      124000,
      57856.9387755102
    ],
    "BonusMusicLoopEnd": [
      183000,
      12685.260770975048
    ],
    "BonusSymbolWin": [
      197000,
      3000
    ],
    "PickerMusicLoop": [
      201000,
      11020.612244897962
    ],
    "PickerSelect": [
      214000,
      2755.1020408163254
    ],
    "Preshow1": [
      218000,
      179.95464852606347
    ],
    "Preshow2": [
      220000,
      185.87301587302818
    ],
    "Preshow3": [
      222000,
      162.69841269840413
    ],
    "Preshow4": [
      224000,
      185.94104308388637
    ],
    "Preshow5": [
      226000,
      186.09977324263127
    ],
    "ReelLand": [
      228000,
      186.3038548752911
    ],
    "Rollup": [
      230000,
      2755.1020408163254
    ],
    "RollupEnd": [
      234000,
      2755.1020408163254
    ],
    "RollupLow": [
      238000,
      597.43764172336
    ],
    "SymbolB01Anticipation": [
      240000,
      4461.247165532882
    ],
    "SymbolB01AnticipationEnd": [
      246000,
      1595.238095238102
    ],
    "SymbolB01Land1": [
      249000,
      2823.514739229012
    ],
    "SymbolB01Land2": [
      253000,
      2766.122448979587
    ],
    "SymbolB01Land3": [
      257000,
      4869.773242630401
    ],
    "SymbolWildWin01Transform": [
      263000,
      2585.034013605423
    ],
    "SymbolWinB01": [
      267000,
      1255.283446712042
    ],
    "SymbolWinS01": [
      270000,
      1242.9024943310765
    ],
    "SymbolWinS02": [
      273000,
      1201.2244897958908
    ],
    "SymbolWinS03": [
      276000,
      1204.9433106575975
    ],
    "SymbolWinS04": [
      279000,
      1196.8707482993182
    ],
    "SymbolWinS05": [
      282000,
      1254.8752834467223
    ],
    "SymbolWinS06": [
      285000,
      1224.3310657596567
    ],
    "SymbolWinS07": [
      288000,
      1258.798185941032
    ],
    "SymbolWinS08": [
      291000,
      1150.1360544217505
    ],
    "SymbolWinS09": [
      294000,
      1339.1383219954491
    ],
    "SymbolWinS10": [
      297000,
      1057.3922902494246
    ],
    "SymbolWinS11": [
      300000,
      1032.698412698437
    ],
    "SymbolWinW01": [
      303000,
      4988.412698412674
    ],
    "UiBetDown": [
      309000,
      524.648526077101
    ],
    "UiBetMax": [
      311000,
      2877.641723356021
    ],
    "UiBetUp": [
      315000,
      482.2675736961628
    ],
    "UiClick": [
      317000,
      350.00000000002274
    ],
    "UiClickSmall": [
      319000,
      186.32653061223436
    ],
    "UiClose": [
      321000,
      649.9999999999773
    ],
    "UiOpen": [
      323000,
      484.19501133787435
    ],
    "UiSelect": [
      325000,
      474.7619047619196
    ],
    "UiSkip": [
      327000,
      1038.2539682539687
    ],
    "UiSpin": [
      330000,
      468.34467120180534
    ]
  }
}